<?xml version="1.0" encoding="UTF-8"?>
<GenRun Id="impl_1" LaunchPart="xc7z020clg484-1" LaunchTime="1415028481">
  <File Type="WBT-USG" Name="usage_statistics_webtalk.html"/>
  <File Type="RDI-RDI" Name="rigid_ta.vdi"/>
  <File Type="BG-DRC" Name="rigid_ta.drc"/>
  <File Type="BG-BGN" Name="rigid_ta.bgn"/>
  <File Type="BITSTR-SYSDEF" Name="rigid_ta.sysdef"/>
  <File Type="BITSTR-MMI" Name="rigid_ta.mmi"/>
  <File Type="BITSTR-BMM" Name="rigid_ta_bd.bmm"/>
  <File Type="BITSTR-NKY" Name="rigid_ta.nky"/>
  <File Type="BITSTR-RBT" Name="rigid_ta.rbt"/>
  <File Type="BITSTR-MSK" Name="rigid_ta.msk"/>
  <File Type="BG-BIN" Name="rigid_ta.bin"/>
  <File Type="BG-BIT" Name="rigid_ta.bit"/>
  <File Type="POSTROUTE-PHYSOPT-TIMING-RPX" Name="rigid_ta_timing_summary_postroute_physopted.rpx"/>
  <File Type="POSTROUTE-PHYSOPT-TIMING-PB" Name="rigid_ta_timing_summary_postroute_physopted.pb"/>
  <File Type="POSTROUTE-PHYSOPT-TIMING" Name="rigid_ta_timing_summary_postroute_physopted.rpt"/>
  <File Type="POSTROUTE-PHYSOPT-DCP" Name="rigid_ta_postroute_physopt.dcp"/>
  <File Type="ROUTE-SIMILARITY" Name="rigid_ta_incremental_reuse_routed.rpt"/>
  <File Type="ROUTE-TIMING-RPX" Name="rigid_ta_timing_summary_routed.rpx"/>
  <File Type="ROUTE-TIMING-PB" Name="rigid_ta_timing_summary_routed.pb"/>
  <File Type="ROUTE-TIMINGSUMMARY" Name="rigid_ta_timing_summary_routed.rpt"/>
  <File Type="ROUTE-STATUS-PB" Name="rigid_ta_route_status.pb"/>
  <File Type="ROUTE-STATUS" Name="rigid_ta_route_status.rpt"/>
  <File Type="ROUTE-PWR-SUM" Name="rigid_ta_power_summary_routed.pb"/>
  <File Type="ROUTE-PWR" Name="rigid_ta_power_routed.rpt"/>
  <File Type="ROUTE-DRC-PB" Name="rigid_ta_drc_routed.pb"/>
  <File Type="ROUTE-DRC" Name="rigid_ta_drc_routed.rpt"/>
  <File Type="ROUTE-DCP" Name="rigid_ta_routed.dcp"/>
  <File Type="PHYSOPT-DRC" Name="rigid_ta_drc_physopted.rpt"/>
  <File Type="PHYSOPT-DCP" Name="rigid_ta_physopt.dcp"/>
  <File Type="POSTPLACE-PWROPT-DCP" Name="rigid_ta_postplace_pwropt.dcp"/>
  <File Type="PLACE-PRE-SIMILARITY" Name="rigid_ta_incremental_reuse_pre_placed.rpt"/>
  <File Type="PLACE-SIMILARITY" Name="rigid_ta_incremental_reuse_placed.rpt"/>
  <File Type="PLACE-CTRL" Name="rigid_ta_control_sets_placed.rpt"/>
  <File Type="PLACE-UTIL-PB" Name="rigid_ta_utilization_placed.pb"/>
  <File Type="PLACE-UTIL" Name="rigid_ta_utilization_placed.rpt"/>
  <File Type="PLACE-CLK" Name="rigid_ta_clock_utilization_placed.rpt"/>
  <File Type="PLACE-IO" Name="rigid_ta_io_placed.rpt"/>
  <File Type="PLACE-DCP" Name="rigid_ta_placed.dcp"/>
  <File Type="PWROPT-DRC" Name="rigid_ta_drc_pwropted.rpt"/>
  <File Type="PWROPT-DCP" Name="rigid_ta_pwropt.dcp"/>
  <File Type="OPT-DRC" Name="rigid_ta_drc_opted.rpt"/>
  <File Type="OPT-DCP" Name="rigid_ta_opt.dcp"/>
  <File Type="PA-TCL" Name="rigid_ta.tcl"/>
  <File Type="RUN-STRAT" Name="$PDATADIR/runs/impl_1/impl_1.psg"/>
  <File Type="RUN-SRCS" Name="$PDATADIR/runs/impl_1/sources.xml"/>
  <File Type="RUN-CONSTRS" Name="$PDATADIR/runs/impl_1/constrs_in.xml"/>
  <FileSet Name="sources" Type="DesignSrcs" RelSrcDir="$PSRCDIR/sources_1">
    <Filter Type="Srcs"/>
    <File Path="$PSRCDIR/sources_1/new/rigid_ta.sv">
      <FileInfo>
        <Attr Name="UsedIn" Val="synthesis"/>
        <Attr Name="UsedIn" Val="implementation"/>
        <Attr Name="UsedIn" Val="simulation"/>
      </FileInfo>
    </File>
    <Config>
      <Option Name="DesignMode" Val="RTL"/>
      <Option Name="TopModule" Val="rigid_ta"/>
      <Option Name="TopAutoSet" Val="TRUE"/>
    </Config>
  </FileSet>
  <FileSet Name="constrs_in" Type="Constrs" RelSrcDir="$PSRCDIR/constrs_1">
    <Filter Type="Constrs"/>
    <Config>
      <Option Name="ConstrsType" Val="XDC"/>
    </Config>
  </FileSet>
  <Strategy Version="1" Minor="2">
    <StratHandle Name="Vivado Implementation Defaults" Flow="Vivado Implementation 2014"/>
    <Step Id="init_design"/>
    <Step Id="opt_design"/>
    <Step Id="power_opt_design"/>
    <Step Id="place_design"/>
    <Step Id="post_place_power_opt_design"/>
    <Step Id="phys_opt_design"/>
    <Step Id="route_design"/>
    <Step Id="post_route_phys_opt_design"/>
    <Step Id="write_bitstream"/>
  </Strategy>
</GenRun>
