<?xml version="1.0" encoding="UTF-8"?>
<GenRun Id="synth_1" LaunchPart="xc7z020clg484-1" LaunchTime="1415028382">
  <File Type="VDS-TIMING-PB" Name="rigid_ta_timing_summary_synth.pb"/>
  <File Type="VDS-TIMINGSUMMARY" Name="rigid_ta_timing_summary_synth.rpt"/>
  <File Type="RDS-DCP" Name="rigid_ta.dcp"/>
  <File Type="RDS-UTIL-PB" Name="rigid_ta_utilization_synth.pb"/>
  <File Type="RDS-UTIL" Name="rigid_ta_utilization_synth.rpt"/>
  <File Type="RDS-PROPCONSTRS" Name="rigid_ta_drc_synth.rpt"/>
  <File Type="RDS-RDS" Name="rigid_ta.vds"/>
  <File Type="PA-TCL" Name="rigid_ta.tcl"/>
  <File Type="RUN-STRAT" Name="$PDATADIR/runs/synth_1/synth_1.psg"/>
  <File Type="VDS-HWDEF" Name="rigid_ta.hwdef"/>
  <File Type="RUN-SRCS" Name="$PDATADIR/runs/synth_1/sources.xml"/>
  <File Type="RUN-CONSTRS" Name="$PDATADIR/runs/synth_1/constrs_in.xml"/>
  <FileSet Name="sources" Type="DesignSrcs" RelSrcDir="$PSRCDIR/sources_1">
    <Filter Type="Srcs"/>
    <File Path="$PSRCDIR/sources_1/new/rigid_ta.sv">
      <FileInfo>
        <Attr Name="UsedIn" Val="synthesis"/>
        <Attr Name="UsedIn" Val="implementation"/>
        <Attr Name="UsedIn" Val="simulation"/>
      </FileInfo>
    </File>
    <Config>
      <Option Name="DesignMode" Val="RTL"/>
      <Option Name="TopModule" Val="rigid_ta"/>
      <Option Name="TopAutoSet" Val="TRUE"/>
    </Config>
  </FileSet>
  <FileSet Name="constrs_in" Type="Constrs" RelSrcDir="$PSRCDIR/constrs_1">
    <Filter Type="Constrs"/>
    <Config>
      <Option Name="ConstrsType" Val="XDC"/>
    </Config>
  </FileSet>
  <Strategy Version="1" Minor="2">
    <StratHandle Name="Vivado Synthesis Defaults" Flow="Vivado Synthesis 2014"/>
    <Step Id="synth_design"/>
  </Strategy>
</GenRun>
