<?xml version="1.0" encoding="UTF-8" ?>
<webTalkData  fileName='/home/himito/Interactive_Scores/Interactive_Scores.sim/sim_1/behav/xsim.dir/rigid_ta_behav/webtalk/usage_statistics_ext_xsim.xml'  majorVersion='1' minorVersion='0' timeStamp='Mon Nov  3 17:06:08 2014'>
<section name="__ROOT__" level="0" order="1" description="">
 <section name="software_version_and_target_device" level="1" order="1" description="">
  <keyValuePair key="beta" value="FALSE" description="" />
  <keyValuePair key="build_version" value="1034051" description="" />
  <keyValuePair key="date_generated" value="Mon Nov  3 17:06:07 2014" description="" />
  <keyValuePair key="os_platform" value="LIN64" description="" />
  <keyValuePair key="product_version" value="XSIM v2014.3 (64-bit)" description="" />
  <keyValuePair key="project_id" value="805fd80e6b9848c18407be201346f8f9" description="" />
  <keyValuePair key="project_iteration" value="1" description="" />
  <keyValuePair key="random_id" value="7b738ee9-3456-4b3c-877a-a8339798925d" description="" />
  <keyValuePair key="registration_id" value="" description="" />
  <keyValuePair key="route_design" value="FALSE" description="" />
  <keyValuePair key="target_device" value="not_applicable" description="" />
  <keyValuePair key="target_family" value="not_applicable" description="" />
  <keyValuePair key="target_package" value="not_applicable" description="" />
  <keyValuePair key="target_speed" value="not_applicable" description="" />
  <keyValuePair key="tool_flow" value="xsim_vivado" description="" />
 </section>
 <section name="user_environment" level="1" order="2" description="">
  <keyValuePair key="cpu_name" value="Intel(R) Core(TM) i3 CPU         540  @ 3.07GHz" description="" />
  <keyValuePair key="cpu_speed" value="3040.703 MHz" description="" />
  <keyValuePair key="os_name" value="openSUSE project" description="" />
  <keyValuePair key="os_release" value="openSUSE 13.1 (Bottle) (x86_64)" description="" />
  <keyValuePair key="system_ram" value="2.000 GB" description="" />
  <keyValuePair key="total_processors" value="1" description="" />
 </section>
 <section name="vivado_usage" level="1" order="3" description="">
 </section>
 <section name="xsim" level="1" order="4" description="">
  <section name="command_line_options" level="2" order="1" description="">
   <keyValuePair key="command" value="xelab" description="" />
   <keyValuePair key="debug" value="typical" description="" />
   <keyValuePair key="dpi_used" value="false" description="" />
   <keyValuePair key="file_counter" value="2" description="" />
   <keyValuePair key="gendll" value="false" description="" />
   <keyValuePair key="hwcosim" value="false" description="" />
   <keyValuePair key="sdfmodeling" value="false" description="" />
   <keyValuePair key="systemverilog" value="true" description="" />
   <keyValuePair key="vhdl2008" value="false" description="" />
  </section>
  <section name="usage" level="2" order="2" description="">
   <keyValuePair key="compiler_memory" value="126812_KB" description="" />
   <keyValuePair key="compiler_time" value="0.85_sec" description="" />
   <keyValuePair key="simulation_image_code" value="27 KB" description="" />
   <keyValuePair key="simulation_image_data" value="16 KB" description="" />
   <keyValuePair key="total_instances" value="2" description="" />
   <keyValuePair key="total_nets" value="68" description="" />
   <keyValuePair key="total_processes" value="10" description="" />
   <keyValuePair key="xilinx_hdl_libraries_used" value="secureip unimacro_ver unisims_ver " description="" />
  </section>
 </section>
</section>
</webTalkData>
